{"loss": [2.7220451831817627, 2.012624502182007, 1.579954743385315, 1.3696709871292114, 1.0905221700668335, 0.8673865795135498, 0.6767899394035339, 0.4891171455383301, 0.33277156949043274, 0.2828598916530609, 0.14568547904491425, 0.14355270564556122, 0.08088309317827225, 0.12024275958538055, 0.09608166664838791, 0.04650062322616577, 0.04724400117993355, 0.046544939279556274, 0.019551536068320274, 0.016256453469395638], "accuracy": [0.14695945382118225, 0.37922295928001404, 0.5050675868988037, 0.5599662065505981, 0.6554054021835327, 0.724662184715271, 0.7711148858070374, 0.837837815284729, 0.9070945978164673, 0.9045608043670654, 0.9619932174682617, 0.9586148858070374, 0.9780405163764954, 0.9704391956329346, 0.9755067825317383, 0.9856418967247009, 0.9864864945411682, 0.9890202879905701, 0.9966216087341309, 0.9966216087341309], "val_loss": [2.8333780765533447, 2.3386576175689697, 1.6627514362335205, 1.467729091644287, 0.9934017658233643, 0.8476689457893372, 0.5680650472640991, 0.3584825396537781, 0.3652700185775757, 0.2377265840768814, 0.22870177030563354, 0.2073013186454773, 0.11359516531229019, 0.17977628111839294, 0.12477105110883713, 0.19736365973949432, 0.17576749622821808, 0.15585196018218994, 0.1162218302488327, 0.12736506760120392], "val_accuracy": [0.17883211374282837, 0.277372270822525, 0.485401451587677, 0.5474452376365662, 0.6678832173347473, 0.6751824617385864, 0.8540145754814148, 0.8978102207183838, 0.9014598727226257, 0.9525547623634338, 0.956204354763031, 0.959854006767273, 0.974452555179596, 0.9525547623634338, 0.970802903175354, 0.959854006767273, 0.974452555179596, 0.970802903175354, 0.9817517995834351, 0.9817517995834351]}